GROUP,PACKAGE,CLASS,INSTRUCTION_MISSED,INSTRUCTION_COVERED,BRANCH_MISSED,BRANCH_COVERED,LINE_MISSED,LINE_COVERED,COMPLEXITY_MISSED,COMPLEXITY_COVERED,METHOD_MISSED,METHOD_COVERED
TraitorScript,parser,ExpStmt,9,0,0,0,1,0,2,0,2,0
TraitorScript,parser,ParseResult,0,15,0,0,0,1,0,3,0,3
TraitorScript,parser,VoidType,0,5,0,0,0,2,0,2,0,2
TraitorScript,parser,ParseException,0,4,0,0,0,2,0,1,0,1
TraitorScript,parser,Param,0,15,0,0,0,1,0,3,0,3
TraitorScript,parser,BlockStmt,9,0,0,0,1,0,2,0,2,0
TraitorScript,parser,NewExp,15,0,0,0,1,0,3,0,3,0
TraitorScript,parser,IntType,0,5,0,0,0,2,0,2,0,2
TraitorScript,parser,DivOp,3,0,0,0,1,0,1,0,1,0
TraitorScript,parser,ReturnStmt,3,6,0,0,1,1,1,1,1,1
TraitorScript,parser,BreakStmt,3,0,0,0,1,0,1,0,1,0
TraitorScript,parser,SubOp,0,3,0,0,0,1,0,1,0,1
TraitorScript,parser,AndOp,3,0,0,0,1,0,1,0,1,0
TraitorScript,parser,SelfType,3,0,0,0,1,0,1,0,1,0
TraitorScript,parser,WhileStmt,15,0,0,0,1,0,3,0,3,0
TraitorScript,parser,AbsMethodDef,0,21,0,0,0,1,0,4,0,4
TraitorScript,parser,OrOp,3,0,0,0,1,0,1,0,1,0
TraitorScript,parser,ConcMethodDef,0,27,0,0,0,1,0,5,0,5
TraitorScript,parser,EqOp,0,3,0,0,0,1,0,1,0,1
TraitorScript,parser,BinOpExp,0,21,0,0,0,1,0,4,0,4
TraitorScript,parser,CallExpr,15,0,0,0,1,0,3,0,3,0
TraitorScript,parser,FuncDef,9,18,0,0,0,1,3,2,3,2
TraitorScript,parser,PrintlnStmt,9,0,0,0,1,0,2,0,2,0
TraitorScript,parser,LessThanOp,0,3,0,0,0,1,0,1,0,1
TraitorScript,parser,Parser,1465,173,73,13,261,43,55,10,16,6
TraitorScript,parser,StructType,0,9,0,0,0,1,0,2,0,2
TraitorScript,parser,TraitDef,0,15,0,0,0,1,0,3,0,3
TraitorScript,parser,BooleanType,0,5,0,0,0,2,0,2,0,2
TraitorScript,parser,VarExp,0,9,0,0,0,1,0,2,0,2
TraitorScript,parser,IfStmt,21,0,0,0,1,0,4,0,4,0
TraitorScript,parser,SelfExp,3,0,0,0,1,0,1,0,1,0
TraitorScript,parser,AssignStmt,15,0,0,0,1,0,3,0,3,0
TraitorScript,parser,ParenExp,9,0,0,0,1,0,2,0,2,0
TraitorScript,parser,FunctionType,0,31,0,0,0,5,0,4,0,4
TraitorScript,parser,NeqOp,3,0,0,0,1,0,1,0,1,0
TraitorScript,parser,StructActualParam,15,0,0,0,1,0,3,0,3,0
TraitorScript,parser,IntLiteral,0,9,0,0,0,1,0,2,0,2
TraitorScript,parser,MulOp,0,3,0,0,0,1,0,1,0,1
TraitorScript,parser,Program,0,9,0,0,0,1,0,2,0,2
TraitorScript,parser,ImplDef,0,21,0,0,0,1,0,4,0,4
TraitorScript,parser,BoolLiteral,9,0,0,0,1,0,2,0,2,0
TraitorScript,parser,StructDef,0,15,0,0,0,1,0,3,0,3
TraitorScript,parser,AddOp,0,3,0,0,0,1,0,1,0,1
TraitorScript,parser,DotExp,15,0,0,0,1,0,3,0,3,0
TraitorScript,parser,LetStmt,21,0,0,0,1,0,4,0,4,0
TraitorScript,tokenizer,LParenToken,0,3,0,0,0,1,0,1,0,1
TraitorScript,tokenizer,SlashToken,0,3,0,0,0,1,0,1,0,1
TraitorScript,tokenizer,NewToken,0,3,0,0,0,1,0,1,0,1
TraitorScript,tokenizer,LessThanToken,0,3,0,0,0,1,0,1,0,1
TraitorScript,tokenizer,IntToken,0,3,0,0,0,1,0,1,0,1
TraitorScript,tokenizer,ElseToken,0,3,0,0,0,1,0,1,0,1
TraitorScript,tokenizer,MinusToken,0,3,0,0,0,1,0,1,0,1
TraitorScript,tokenizer,VoidToken,0,3,0,0,0,1,0,1,0,1
TraitorScript,tokenizer,EqualsToken,0,3,0,0,0,1,0,1,0,1
TraitorScript,tokenizer,FuncToken,0,3,0,0,0,1,0,1,0,1
TraitorScript,tokenizer,LCurlyToken,0,3,0,0,0,1,0,1,0,1
TraitorScript,tokenizer,BreakToken,0,3,0,0,0,1,0,1,0,1
TraitorScript,tokenizer,IdentifierToken,3,6,0,0,0,1,1,1,1,1
TraitorScript,tokenizer,BooleanToken,0,3,0,0,0,1,0,1,0,1
TraitorScript,tokenizer,DEqualsToken,0,3,0,0,0,1,0,1,0,1
TraitorScript,tokenizer,RArrowToken,0,3,0,0,0,1,0,1,0,1
TraitorScript,tokenizer,PlusToken,0,3,0,0,0,1,0,1,0,1
TraitorScript,tokenizer,IntegerLiteralToken,0,9,0,0,0,1,0,2,0,2
TraitorScript,tokenizer,IfToken,0,3,0,0,0,1,0,1,0,1
TraitorScript,tokenizer,MethodToken,0,3,0,0,0,1,0,1,0,1
TraitorScript,tokenizer,WhileToken,0,3,0,0,0,1,0,1,0,1
TraitorScript,tokenizer,RCurlyToken,0,3,0,0,0,1,0,1,0,1
TraitorScript,tokenizer,DotToken,0,3,0,0,0,1,0,1,0,1
TraitorScript,tokenizer,PrintToken,2,3,0,0,1,1,1,1,1,1
TraitorScript,tokenizer,StructToken,0,3,0,0,0,1,0,1,0,1
TraitorScript,tokenizer,TokenizerException,4,0,0,0,2,0,1,0,1,0
TraitorScript,tokenizer,CommaToken,0,3,0,0,0,1,0,1,0,1
TraitorScript,tokenizer,NEqualsToken,0,3,0,0,0,1,0,1,0,1
TraitorScript,tokenizer,SemicolonToken,0,3,0,0,0,1,0,1,0,1
TraitorScript,tokenizer,StarToken,0,3,0,0,0,1,0,1,0,1
TraitorScript,tokenizer,LetToken,0,3,0,0,0,1,0,1,0,1
TraitorScript,tokenizer,SelfToken,0,3,0,0,0,1,0,1,0,1
TraitorScript,tokenizer,RParenToken,0,3,0,0,0,1,0,1,0,1
TraitorScript,tokenizer,TraitToken,0,3,0,0,0,1,0,1,0,1
TraitorScript,tokenizer,ReturnToken,0,3,0,0,0,1,0,1,0,1
TraitorScript,tokenizer,ColonToken,0,3,0,0,0,1,0,1,0,1
TraitorScript,tokenizer,DivToken,5,0,0,0,2,0,2,0,2,0
TraitorScript,tokenizer,ArrowToken,5,0,0,0,2,0,2,0,2,0
TraitorScript,tokenizer,BooleanLiteralToken,3,6,0,0,0,1,1,1,1,1
TraitorScript,tokenizer,ForToken,0,3,0,0,0,1,0,1,0,1
TraitorScript,tokenizer,ImplToken,0,3,0,0,0,1,0,1,0,1
TraitorScript,tokenizer,Tokenizer,18,674,4,96,3,133,4,54,0,8
TraitorScript,tokenizer,IntegerToken,13,0,0,0,2,0,3,0,3,0
TraitorScript,tokenizer,PrintlnToken,0,3,0,0,0,1,0,1,0,1
